Spectrum Number,Segment Number,Pressure,Pressure_err,Pressure_vary,Temperature,Temperature_err,Temperature_vary,x_shift,x_shift_err,x_shift_vary,molefraction_CO2,molefraction_CO2_err,molefraction_CO2_vary,baseline_a,baseline_a_err,baseline_a_vary,baseline_b,baseline_b_err,baseline_b_vary
1,1,0.0493461842105263,0.0,False,301.0,0.0,False,0.0,0.0,False,1,0.0,False,0.0024492807207182536,645.293021752985,True,-0.050077761519860146,12.424926183579483,True
2,1,0.0986923684210526,0.0,False,301.0,0.0,False,0.0,0.0,False,1,0.0,False,-0.0058954049722353035,303.39886504675246,True,-0.054803992278607175,2.890692030500322,True
3,1,0.1973847368421053,0.0,False,301.0,0.0,False,0.0,0.0,False,1,0.0,False,0.009813221657818845,147.46855830341457,True,-0.08308556015962139,0.7008647807468379,True
4,1,0.3947694736842106,0.0,False,301.0,0.0,False,0.0,0.0,False,1,0.0,False,-0.047994423324372516,73.42224436360306,True,0.0176847566129289,0.1769394287163519,True
