Spectrum Number,Segment Number,Baseline Order,Pressure,Temperature,x_shift,molefraction_H2O,baseline_a,baseline_b
1,1,1,0.007323249999999999,307.15,0.0,1,0.0,0.0
2,1,1,0.010316473684210525,307.15,0.0,1,0.0,0.0
3,1,1,0.014516578947368422,307.15,0.0,1,0.0,0.0
4,1,1,0.01887644736842106,307.15,0.0,1,0.0,0.0
